id,first_name,last_name,email,gender,ip_address
1,Taylor,Fahrenbacher,tfahrenbacher0@bloomberg.com,Male,231.168.158.236
2,Rochella,Jerke,rjerke1@ning.com,Female,134.18.178.183
3,Eadmund,McGebenay,emcgebenay2@gizmodo.com,Male,75.101.238.35
4,Randa,Vanichkov,rvanichkov3@dot.gov,Female,197.189.241.57
5,Orlan,Lander,olander4@hud.gov,Male,131.129.77.164
6,Timothy,Berceros,tberceros5@berkeley.edu,Male,113.111.217.116
7,Nada,Steinson,nsteinson6@earthlink.net,Female,7.225.62.121
8,Prue,Parker,pparker7@gmpg.org,Female,46.0.236.34
9,Rosene,Lowre,rlowre8@feedburner.com,Female,17.129.250.71
10,Lyman,Tipping,ltipping9@ucla.edu,Male,179.249.206.116
11,Stanfield,Fessier,sfessiera@weather.com,Male,208.216.63.168
12,Arlee,Regelous,aregelousb@mlb.com,Female,82.111.229.30
13,Lovell,Broek,lbroekc@hao123.com,Male,187.192.219.191
14,Elianore,Boot,ebootd@about.com,Female,23.146.102.48
15,Bil,Menichino,bmenichinoe@cargocollective.com,Male,236.11.80.101
16,Tracey,Vanyushin,tvanyushinf@sogou.com,Male,158.3.255.207
17,Josefa,Liquorish,jliquorishg@com.com,Female,115.92.148.10
18,Carly,Grigoletti,cgrigolettih@sbwire.com,Male,134.248.13.189
19,Harvey,Eddins,heddinsi@scribd.com,Male,181.247.195.80
20,Edgard,Growy,egrowyj@jigsy.com,Male,51.30.87.11
21,Janaye,Kelley,jkelleyk@nytimes.com,Female,1.116.101.149
22,Fae,Roseman,frosemanl@cocolog-nifty.com,Female,28.43.76.255
23,Kienan,Hunton,khuntonm@wp.com,Male,112.193.86.176
24,Florencia,Duffitt,fduffittn@printfriendly.com,Female,50.165.144.219
25,Marcille,Jerrolt,mjerrolto@ibm.com,Female,9.233.172.158
26,Lonny,Astle,lastlep@sohu.com,Male,183.89.223.144
27,Karlee,Crombie,kcrombieq@apple.com,Female,113.23.246.54
28,Kassey,Tidder,ktidderr@stanford.edu,Female,201.136.18.94
29,Odilia,Stennard,ostennards@hatena.ne.jp,Female,102.84.232.186
30,Christel,Aimeric,caimerict@vkontakte.ru,Female,206.159.178.88
31,Javier,Nind,jnindu@delicious.com,Male,85.0.84.163
32,Malvin,Duiguid,mduiguidv@exblog.jp,Male,133.154.24.160
33,Lorry,Trapp,ltrappw@phpbb.com,Male,110.249.56.23
34,Jillene,Stut,jstutx@youtu.be,Female,202.230.46.14
35,Peterus,Ville,pvilley@cornell.edu,Male,173.152.108.27
36,Eli,Benallack,ebenallackz@loc.gov,Male,247.1.11.214
37,Dael,Atmore,datmore10@mashable.com,Male,227.193.77.150
38,Leroi,McGilroy,lmcgilroy11@washingtonpost.com,Male,155.249.170.183
39,Adey,Randals,arandals12@barnesandnoble.com,Female,125.11.14.170
40,Giraldo,Henlon,ghenlon13@slate.com,Male,200.48.241.70
41,Welsh,MacNeil,wmacneil14@cmu.edu,Male,125.191.166.149
42,Neal,Blackborne,nblackborne15@cmu.edu,Male,86.185.140.59
43,Virgina,Twittey,vtwittey16@shinystat.com,Female,125.13.70.119
44,Andy,Mole,amole17@shinystat.com,Female,150.228.20.211
45,Jillene,Byron,jbyron18@zimbio.com,Female,191.85.249.62
46,Wilt,Sexty,wsexty19@eventbrite.com,Male,4.216.144.196
47,Ashley,Rizzardi,arizzardi1a@accuweather.com,Female,101.15.158.26
48,Cameron,Valenti,cvalenti1b@newyorker.com,Male,41.25.246.53
49,Jon,Ivy,jivy1c@elpais.com,Male,125.129.231.224
50,Elbertine,Archbell,earchbell1d@mit.edu,Female,125.141.236.85
51,Madalyn,Copping,mcopping1e@google.com,Female,67.140.3.21
52,Sauveur,Alfonso,salfonso1f@studiopress.com,Male,87.12.96.236
53,Pavlov,Robertis,probertis1g@reuters.com,Male,3.28.145.4
54,Freddi,Charte,fcharte1h@shareasale.com,Female,120.251.87.56
55,Sully,Polly,spolly1i@bloomberg.com,Male,135.24.147.125
56,Giralda,Cowup,gcowup1j@ebay.com,Female,83.85.28.7
57,Kip,Livock,klivock1k@pen.io,Female,109.239.245.133
58,Nert,Giamitti,ngiamitti1l@cnn.com,Female,182.26.62.200
59,Chucho,Torpie,ctorpie1m@ocn.ne.jp,Male,126.108.56.129
60,Carlo,Coper,ccoper1n@illinois.edu,Male,189.122.114.128
61,Maurene,Greenman,mgreenman1o@ebay.com,Female,90.79.83.109
62,Roxana,Durrett,rdurrett1p@wikipedia.org,Female,159.69.217.214
63,Somerset,Such,ssuch1q@abc.net.au,Male,171.48.244.19
64,Gabriele,Tredwell,gtredwell1r@squidoo.com,Male,236.130.37.214
65,Silvie,Sketchley,ssketchley1s@theatlantic.com,Female,244.61.199.168
66,Clevie,Pelchat,cpelchat1t@baidu.com,Male,93.118.153.62
67,Forest,Sapson,fsapson1u@reference.com,Male,124.22.242.95
68,Allin,Feaveryear,afeaveryear1v@printfriendly.com,Male,171.120.150.12
69,Roi,Rush,rrush1w@ihg.com,Male,86.81.212.76
70,Cully,Van den Hof,cvandenhof1x@furl.net,Male,39.111.8.174
71,Beryl,Hitter,bhitter1y@java.com,Female,236.114.170.199
72,Kelli,Yarnell,kyarnell1z@illinois.edu,Female,168.242.190.174
73,Renaldo,Stratton,rstratton20@nba.com,Male,247.163.169.87
74,Chane,Fellgatt,cfellgatt21@cnn.com,Male,246.91.50.49
75,Patton,Theriot,ptheriot22@hud.gov,Male,180.66.34.48
76,Rustin,Straun,rstraun23@acquirethisname.com,Male,208.35.239.10
77,Antin,Sanchez,asanchez24@accuweather.com,Male,19.177.195.192
78,Gennifer,Dulake,gdulake25@cdc.gov,Female,63.140.52.20
79,Fredric,Ashman,fashman26@ning.com,Male,90.176.99.15
80,Wendy,Moloney,wmoloney27@is.gd,Female,34.113.24.45
81,Ernest,Sebborn,esebborn28@devhub.com,Male,76.62.158.118
82,Phedra,Ofield,pofield29@timesonline.co.uk,Female,11.102.202.38
83,Jamil,Hutfield,jhutfield2a@umich.edu,Male,94.244.41.126
84,Danice,Cescotti,dcescotti2b@google.nl,Female,165.168.106.244
85,Stern,Trowill,strowill2c@google.com.br,Male,128.193.35.192
86,Ilyssa,Dury,idury2d@cmu.edu,Female,203.213.86.18
87,Erastus,Ibbison,eibbison2e@ehow.com,Male,171.132.39.90
88,Catlee,Hanning,channing2f@wordpress.org,Female,58.252.81.30
89,Laverna,Summerrell,lsummerrell2g@dell.com,Female,245.50.248.68
90,Rosa,Whorton,rwhorton2h@fastcompany.com,Female,106.208.226.2
91,Webster,Millwater,wmillwater2i@slideshare.net,Male,234.99.104.238
92,Hilde,Macieiczyk,hmacieiczyk2j@answers.com,Female,197.190.19.34
93,Monique,Carryer,mcarryer2k@globo.com,Female,204.192.233.146
94,Clarie,MacKaig,cmackaig2l@163.com,Female,217.139.252.154
95,Ellery,Dickens,edickens2m@tinypic.com,Male,177.246.247.195
96,Giff,Rahl,grahl2n@state.tx.us,Male,47.25.232.175
97,Bron,Azam,bazam2o@123-reg.co.uk,Male,204.237.49.51
98,Gardie,Novill,gnovill2p@free.fr,Male,99.42.60.190
99,Hillary,Sommerscales,hsommerscales2q@utexas.edu,Male,181.137.234.203
100,Theresa,Korneev,tkorneev2r@tmall.com,Female,224.107.37.198
101,Carter,Robbs,crobbs2s@github.com,Male,188.176.139.90
102,Giralda,Bertl,gbertl2t@ask.com,Female,110.72.219.114
103,Simonne,Awton,sawton2u@latimes.com,Female,225.218.211.26
104,Juanita,Hullin,jhullin2v@clickbank.net,Female,122.145.121.229
105,Ambrosio,McIllroy,amcillroy2w@technorati.com,Male,13.249.35.3
106,Lorette,Hammarberg,lhammarberg2x@angelfire.com,Female,177.192.34.157
107,Dylan,Paulusch,dpaulusch2y@privacy.gov.au,Male,180.17.70.156
108,Hendrick,Sawden,hsawden2z@vk.com,Male,20.242.100.79
109,Noe,Petticrow,npetticrow30@cargocollective.com,Male,249.102.251.120
110,Julianne,Claesens,jclaesens31@merriam-webster.com,Female,231.84.34.11
111,Sibyl,Dawid,sdawid32@trellian.com,Female,216.61.27.127
112,Karissa,Airy,kairy33@unicef.org,Female,175.40.48.127
113,Marion,Keast,mkeast34@wikia.com,Male,133.251.158.89
114,Kellina,Meaker,kmeaker35@360.cn,Female,82.133.95.96
115,Iggie,Waple,iwaple36@vkontakte.ru,Male,28.92.245.255
116,Johannes,Corson,jcorson37@cnbc.com,Male,101.180.62.183
117,Linc,Romagnosi,lromagnosi38@columbia.edu,Male,96.213.187.72
118,Christos,Roaf,croaf39@topsy.com,Male,121.75.203.21
119,Philly,Choke,pchoke3a@posterous.com,Female,248.80.217.252
120,Florie,Stenbridge,fstenbridge3b@zdnet.com,Female,178.190.142.35
121,Jo-anne,Yole,jyole3c@narod.ru,Female,149.128.112.247
122,Peyton,MacAlister,pmacalister3d@shinystat.com,Male,212.174.253.171
123,Consalve,Chalker,cchalker3e@whitehouse.gov,Male,93.101.111.239
124,Yorke,Voss,yvoss3f@exblog.jp,Male,74.120.30.227
125,Gay,De Giorgi,gdegiorgi3g@nih.gov,Female,12.207.119.44
126,Carlin,Edgcombe,cedgcombe3h@google.it,Male,170.100.237.68
127,Doll,Sheepy,dsheepy3i@theguardian.com,Female,91.232.239.127
128,Caron,Pristnor,cpristnor3j@scribd.com,Female,59.113.128.249
129,Antoine,Mutton,amutton3k@technorati.com,Male,12.91.115.18
130,Berky,Sprionghall,bsprionghall3l@dion.ne.jp,Male,29.19.230.198
131,Belvia,O'Calleran,bocalleran3m@opera.com,Female,251.93.141.67
132,Ewan,Lesurf,elesurf3n@shutterfly.com,Male,230.37.149.104
133,Cecelia,Maher,cmaher3o@hc360.com,Female,140.117.25.147
134,Thane,Middlemass,tmiddlemass3p@goodreads.com,Male,238.173.132.70
135,Emerson,Saunders,esaunders3q@blinklist.com,Male,61.63.3.18
136,Patsy,Giacobini,pgiacobini3r@loc.gov,Male,145.98.150.132
137,Renault,Buxsy,rbuxsy3s@un.org,Male,148.170.185.31
138,Elton,Hulland,ehulland3t@spiegel.de,Male,132.90.160.26
139,Gordon,Wisniewski,gwisniewski3u@newyorker.com,Male,136.105.240.23
140,Molli,McIllrick,mmcillrick3v@bbc.co.uk,Female,14.124.101.47
141,Raymund,Woltering,rwoltering3w@unblog.fr,Male,65.5.160.47
142,Curr,Hurley,churley3x@aboutads.info,Male,90.207.85.137
143,Daryle,Smallpeice,dsmallpeice3y@hao123.com,Male,147.180.213.64
144,Roshelle,Valois,rvalois3z@barnesandnoble.com,Female,175.67.136.184
145,Gypsy,O'Hartigan,gohartigan40@spotify.com,Female,183.50.220.60
146,Nana,Fulcher,nfulcher41@epa.gov,Female,79.145.22.177
147,Junina,Cluatt,jcluatt42@sogou.com,Female,24.6.189.96
148,Nataline,Deniscke,ndeniscke43@nyu.edu,Female,21.126.238.173
149,Major,Shrubb,mshrubb44@cafepress.com,Male,114.188.240.143
150,Sonja,Oldroyde,soldroyde45@163.com,Female,147.15.246.55
151,Pietra,Slowgrove,pslowgrove46@redcross.org,Female,90.20.6.21
152,Zared,Alster,zalster47@studiopress.com,Male,18.245.131.79
153,Urbain,Shipston,ushipston48@topsy.com,Male,58.157.226.133
154,Mariann,Berkowitz,mberkowitz49@moonfruit.com,Female,163.91.114.219
155,Tamqrah,Fairclough,tfairclough4a@chron.com,Female,194.103.37.42
156,Brian,Yanson,byanson4b@tmall.com,Male,167.151.208.4
157,Leeann,Clinning,lclinning4c@princeton.edu,Female,55.147.22.191
158,Linnet,Martinez,lmartinez4d@moonfruit.com,Female,158.135.25.191
159,Loren,Gerran,lgerran4e@joomla.org,Female,16.154.7.152
160,Bab,Salery,bsalery4f@bing.com,Female,74.177.117.92
161,Hi,Neasam,hneasam4g@intel.com,Male,8.41.56.112
162,Ali,Spensly,aspensly4h@1und1.de,Male,215.213.169.170
163,Barty,Spurriar,bspurriar4i@discovery.com,Male,197.142.94.178
164,Anestassia,Stockill,astockill4j@constantcontact.com,Female,85.140.4.220
165,Romonda,Josefer,rjosefer4k@auda.org.au,Female,22.152.85.28
166,Claudius,Lammas,clammas4l@un.org,Male,204.105.250.230
167,Ashleigh,Dowsett,adowsett4m@arizona.edu,Female,185.130.32.23
168,Donni,Kupker,dkupker4n@shop-pro.jp,Female,166.245.202.110
169,Nicolis,Surplice,nsurplice4o@bandcamp.com,Male,45.156.59.123
170,Michaeline,Stancliffe,mstancliffe4p@livejournal.com,Female,250.106.190.84
171,Adrienne,Dunne,adunne4q@addtoany.com,Female,231.138.181.181
172,Sharla,Really,sreally4r@elpais.com,Female,247.44.198.135
173,Salome,Begg,sbegg4s@woothemes.com,Female,233.251.182.206
174,Care,Barabich,cbarabich4t@networkadvertising.org,Male,123.190.66.202
175,Hewett,D'Ambrogi,hdambrogi4u@cargocollective.com,Male,26.81.173.178
176,Ahmad,Chanter,achanter4v@sfgate.com,Male,211.119.188.11
177,Claudette,Jirusek,cjirusek4w@youtube.com,Female,183.219.39.69
178,Tait,Peplaw,tpeplaw4x@ustream.tv,Male,60.214.83.244
179,Desirae,Leftridge,dleftridge4y@ucoz.ru,Female,150.226.51.148
180,Field,Trueman,ftrueman4z@phpbb.com,Male,156.29.211.23
181,Charley,Chesterton,cchesterton50@mayoclinic.com,Male,124.235.223.148
182,Matthus,Sutherby,msutherby51@elpais.com,Male,150.210.32.171
183,Klarrisa,Kelwick,kkelwick52@nasa.gov,Female,173.89.59.122
184,Dulci,Davidofski,ddavidofski53@trellian.com,Female,249.114.185.180
185,Jeremy,Woodrough,jwoodrough54@netlog.com,Male,25.151.242.116
186,Pietrek,Beveridge,pbeveridge55@psu.edu,Male,242.139.115.33
187,Bibby,Shone,bshone56@bbb.org,Female,46.221.194.237
188,Corbie,Kinavan,ckinavan57@cnet.com,Male,65.187.72.170
189,Katrina,Schiesterl,kschiesterl58@google.pl,Female,5.8.103.85
190,Bearnard,Jeakins,bjeakins59@smh.com.au,Male,244.153.158.90
191,Domini,Fishly,dfishly5a@google.com.au,Female,16.215.208.166
192,Gene,Bamling,gbamling5b@pbs.org,Male,243.28.194.170
193,Lorene,Coulsen,lcoulsen5c@youtube.com,Female,46.68.145.215
194,Mela,Christmas,mchristmas5d@telegraph.co.uk,Female,32.53.99.156
195,Neils,Boole,nboole5e@abc.net.au,Male,194.51.149.74
196,Zared,Lenham,zlenham5f@ihg.com,Male,52.126.178.131
197,Woodie,Siebert,wsiebert5g@paypal.com,Male,103.221.49.7
198,Elane,de Keep,edekeep5h@epa.gov,Female,169.19.134.162
199,Meggie,Ubsdale,mubsdale5i@elpais.com,Female,194.144.132.199
200,Dominik,Slinn,dslinn5j@bloglovin.com,Male,119.96.123.59
201,Lyn,Arents,larents5k@harvard.edu,Male,219.96.116.212
202,Dori,Rove,drove5l@twitpic.com,Female,214.247.147.244
203,Octavius,Espinay,oespinay5m@github.com,Male,228.181.230.199
204,Carroll,Breacher,cbreacher5n@dell.com,Male,106.65.27.176
205,Rees,Kadd,rkadd5o@wiley.com,Male,219.243.190.234
206,Rick,Espina,respina5p@friendfeed.com,Male,205.91.192.43
207,Geoff,Biggins,gbiggins5q@cdc.gov,Male,198.83.108.100
208,Gideon,Kopje,gkopje5r@chicagotribune.com,Male,60.147.195.206
209,Carly,Tatham,ctatham5s@domainmarket.com,Female,118.0.55.255
210,Darcy,Wisedale,dwisedale5t@ca.gov,Male,91.94.23.207
211,Alex,Hatherill,ahatherill5u@msu.edu,Male,221.191.181.204
212,Chev,Wensley,cwensley5v@jigsy.com,Male,24.37.233.81
213,Aridatha,Bearfoot,abearfoot5w@ibm.com,Female,76.51.177.187
214,Humfrid,Dalbey,hdalbey5x@shutterfly.com,Male,170.238.127.114
215,Aland,Hasely,ahasely5y@springer.com,Male,118.116.185.234
216,Tull,Ahrens,tahrens5z@shop-pro.jp,Male,51.63.239.243
217,Kayle,Tranfield,ktranfield60@wisc.edu,Female,29.102.65.147
218,Otho,Samter,osamter61@hhs.gov,Male,198.173.54.212
219,Lianna,Sorrill,lsorrill62@chicagotribune.com,Female,85.74.55.108
220,Curran,Tolliday,ctolliday63@reddit.com,Male,118.23.190.166
221,Shanan,Ferneley,sferneley64@youtube.com,Male,112.54.188.109
222,Honoria,Normand,hnormand65@amazon.de,Female,137.53.207.118
223,Zuzana,Sorley,zsorley66@omniture.com,Female,64.207.106.217
224,Diego,Wantling,dwantling67@usgs.gov,Male,32.113.161.190
225,Grete,Gynni,ggynni68@nationalgeographic.com,Female,127.146.65.111
226,Virgina,Labbe,vlabbe69@reuters.com,Female,121.4.8.255
227,Kelcie,Stiven,kstiven6a@craigslist.org,Female,136.0.223.61
228,Mab,Gaywood,mgaywood6b@nih.gov,Female,240.119.3.187
229,Illa,Fitzroy,ifitzroy6c@ucoz.com,Female,189.66.10.45
230,Marcellus,Bramble,mbramble6d@tuttocitta.it,Male,244.150.219.114
231,Lyndell,Krelle,lkrelle6e@dailymotion.com,Female,36.73.185.54
232,Queenie,Redding,qredding6f@bravesites.com,Female,120.3.36.163
233,Manon,Merwede,mmerwede6g@house.gov,Female,88.129.90.58
234,Kerwinn,Cosgriff,kcosgriff6h@nyu.edu,Male,144.11.56.194
235,Lucila,Buggs,lbuggs6i@flavors.me,Female,24.77.241.172
236,Barbra,Aspinal,baspinal6j@cdbaby.com,Female,69.240.68.105
237,Allina,Buxcy,abuxcy6k@mozilla.com,Female,35.241.136.154
238,Laurette,Fawcitt,lfawcitt6l@msn.com,Female,211.55.144.31
239,Ulrick,Chifney,uchifney6m@arstechnica.com,Male,155.3.40.126
240,Zachery,Briggs,zbriggs6n@wix.com,Male,127.90.230.94
241,Erik,Luberti,eluberti6o@cloudflare.com,Male,238.181.131.239
242,Nikki,Mahady,nmahady6p@example.com,Female,97.192.129.247
243,Ingram,Nosworthy,inosworthy6q@pagesperso-orange.fr,Male,33.127.133.239
244,Rock,McGettrick,rmcgettrick6r@msn.com,Male,184.131.2.178
245,Claudianus,Tuftin,ctuftin6s@yelp.com,Male,6.226.187.82
246,Yoko,Fisher,yfisher6t@stanford.edu,Female,181.111.105.160
247,Lacee,Cade,lcade6u@devhub.com,Female,14.185.145.24
248,Kit,O'Carney,kocarney6v@gravatar.com,Male,119.77.118.118
249,Olenolin,Rawstorne,orawstorne6w@imdb.com,Male,56.238.242.63
250,Christy,Ratcliffe,cratcliffe6x@bbc.co.uk,Female,233.199.91.88
251,Christophe,Verring,cverring6y@dmoz.org,Male,250.121.235.236
252,Dione,Bernardini,dbernardini6z@sogou.com,Female,143.168.108.73
253,Matteo,Lackmann,mlackmann70@cisco.com,Male,31.148.111.151
254,Perice,Phizackarley,pphizackarley71@hubpages.com,Male,198.170.200.0
255,Price,O'Hengerty,pohengerty72@theguardian.com,Male,28.235.64.219
256,Ray,Coonihan,rcoonihan73@themeforest.net,Female,96.74.144.200
257,Liuka,Durrand,ldurrand74@mozilla.com,Female,197.214.158.127
258,Colin,Campion,ccampion75@ocn.ne.jp,Male,73.218.196.94
259,Shanna,Cagan,scagan76@quantcast.com,Female,113.92.52.232
260,Rickard,Spini,rspini77@drupal.org,Male,122.25.142.243
261,Humfrid,Forbear,hforbear78@vistaprint.com,Male,113.79.82.82
262,Logan,Channer,lchanner79@godaddy.com,Male,29.52.161.172
263,Lira,Degenhardt,ldegenhardt7a@google.it,Female,211.240.210.1
264,Welch,Coghill,wcoghill7b@cam.ac.uk,Male,100.200.132.86
265,Justine,Glaves,jglaves7c@photobucket.com,Female,152.41.100.67
266,Loutitia,Bartosiak,lbartosiak7d@soup.io,Female,75.110.124.127
267,Katherine,Albone,kalbone7e@whitehouse.gov,Female,178.175.85.65
268,Barrie,Darkin,bdarkin7f@hhs.gov,Female,26.123.197.248
269,Brandyn,Conford,bconford7g@wikimedia.org,Male,11.237.29.45
270,Amory,Hutchings,ahutchings7h@microsoft.com,Male,120.101.130.114
271,Winthrop,Kidner,wkidner7i@loc.gov,Male,75.117.238.59
272,Eimile,Shea,eshea7j@rambler.ru,Female,169.253.194.251
273,Janene,Janas,jjanas7k@adobe.com,Female,48.1.24.5
274,Caye,Fairbourne,cfairbourne7l@cbc.ca,Female,85.116.5.103
275,Godfry,Youthed,gyouthed7m@mac.com,Male,238.78.97.21
276,Cob,Dower,cdower7n@fastcompany.com,Male,222.237.139.17
277,Cherye,Boulstridge,cboulstridge7o@sphinn.com,Female,241.63.233.67
278,Helge,Nacey,hnacey7p@foxnews.com,Female,123.250.211.226
279,Sandi,Halton,shalton7q@constantcontact.com,Female,203.92.18.18
280,Byron,Garard,bgarard7r@wikia.com,Male,50.248.151.68
281,Ara,Van der Merwe,avandermerwe7s@java.com,Male,241.65.17.168
282,Jody,Dodridge,jdodridge7t@alibaba.com,Female,56.176.163.20
283,Tyson,Edgson,tedgson7u@vk.com,Male,40.204.65.220
284,Cointon,Oles,coles7v@auda.org.au,Male,217.72.220.221
285,Tamera,Benedite,tbenedite7w@gmpg.org,Female,37.203.92.48
286,Brunhilde,Lexa,blexa7x@virginia.edu,Female,186.139.48.99
287,Eudora,Dyke,edyke7y@salon.com,Female,104.86.180.252
288,Langsdon,Felgate,lfelgate7z@sitemeter.com,Male,158.229.142.218
289,Gawain,Vondrach,gvondrach80@about.com,Male,125.226.151.86
290,Marybeth,Planque,mplanque81@tuttocitta.it,Female,96.79.2.101
291,Jarib,Arran,jarran82@ustream.tv,Male,76.87.145.156
292,Bette-ann,Hubbert,bhubbert83@thetimes.co.uk,Female,125.119.97.165
293,Dwayne,McQuie,dmcquie84@homestead.com,Male,196.40.196.133
294,Paolo,Reinisch,preinisch85@1688.com,Male,220.236.75.6
295,Glendon,Davydoch,gdavydoch86@gravatar.com,Male,183.36.104.148
296,Gwennie,Blazic,gblazic87@csmonitor.com,Female,122.228.120.210
297,Charmaine,Asser,casser88@umn.edu,Female,146.226.8.47
298,Neel,Roseaman,nroseaman89@webs.com,Male,133.174.241.101
299,Nickola,Woodfield,nwoodfield8a@theguardian.com,Male,106.169.104.132
300,Jodee,Gunny,jgunny8b@cnn.com,Female,33.40.157.29
301,Forest,Pencott,fpencott8c@a8.net,Male,94.217.92.30
302,Aharon,Abba,aabba8d@google.fr,Male,100.150.71.136
303,Rosalinde,Gaddas,rgaddas8e@narod.ru,Female,213.158.25.115
304,Cecil,Lambell,clambell8f@mapquest.com,Male,17.41.177.189
305,Rhys,Ibotson,ribotson8g@virginia.edu,Male,24.85.6.21
306,Thor,Conklin,tconklin8h@cocolog-nifty.com,Male,185.232.42.161
307,Donnell,Loughran,dloughran8i@sitemeter.com,Male,81.73.192.99
308,Pavia,Lehrmann,plehrmann8j@wikipedia.org,Female,54.202.215.44
309,Monte,Alsobrook,malsobrook8k@51.la,Male,148.123.187.243
310,Salomon,Milsted,smilsted8l@fotki.com,Male,93.169.77.207
311,Halette,Folbigg,hfolbigg8m@ifeng.com,Female,196.104.122.62
312,Krishna,Aers,kaers8n@cafepress.com,Male,175.43.84.202
313,Murielle,Van der Merwe,mvandermerwe8o@goo.ne.jp,Female,176.176.118.116
314,Lemar,Freeman,lfreeman8p@bbc.co.uk,Male,61.182.227.107
315,Josiah,McEachern,jmceachern8q@amazon.co.jp,Male,245.38.179.175
316,Delilah,Gentsch,dgentsch8r@smugmug.com,Female,36.166.209.165
317,Irv,Giff,igiff8s@infoseek.co.jp,Male,74.11.165.191
318,Creight,Geeves,cgeeves8t@kickstarter.com,Male,208.13.26.73
319,Jeffry,Greydon,jgreydon8u@simplemachines.org,Male,86.174.19.222
320,Ahmed,Shavel,ashavel8v@360.cn,Male,229.3.167.40
321,Thomasin,Domsalla,tdomsalla8w@mit.edu,Female,70.100.41.196
322,Brant,Jahan,bjahan8x@google.com.hk,Male,235.254.115.22
323,Amity,Scothron,ascothron8y@theatlantic.com,Female,103.42.104.251
324,Fan,Pullin,fpullin8z@hibu.com,Female,166.23.82.131
325,Ermanno,Tough,etough90@toplist.cz,Male,252.211.111.248
326,Damara,Mabey,dmabey91@ted.com,Female,65.249.126.54
327,Rosy,Elster,relster92@sfgate.com,Female,159.31.84.159
328,Hieronymus,Cayle,hcayle93@cloudflare.com,Male,182.50.225.138
329,Esme,Rean,erean94@state.tx.us,Male,10.14.122.115
330,Cyrillus,Dominguez,cdominguez95@chicagotribune.com,Male,242.223.47.152
331,Neal,Cortin,ncortin96@scientificamerican.com,Male,103.143.118.13
332,Joyan,Badcock,jbadcock97@alexa.com,Female,232.250.39.235
333,Crystal,Brims,cbrims98@mlb.com,Female,89.246.158.15
334,Stefania,Noddings,snoddings99@elegantthemes.com,Female,237.54.33.229
335,Alonzo,D'Emanuele,ademanuele9a@godaddy.com,Male,243.63.164.72
336,Creighton,Bolduc,cbolduc9b@godaddy.com,Male,131.204.117.244
337,Scarlett,Garry,sgarry9c@dedecms.com,Female,227.220.91.113
338,Sonni,Gunda,sgunda9d@sun.com,Female,148.164.2.13
339,Bowie,Lomansey,blomansey9e@t-online.de,Male,224.181.184.80
340,Shalom,Yglesias,syglesias9f@clickbank.net,Male,56.50.183.52
341,Tess,Aslin,taslin9g@1688.com,Female,93.1.151.160
342,Arlie,Trustie,atrustie9h@house.gov,Female,164.160.72.96
343,Waring,Schofield,wschofield9i@livejournal.com,Male,41.23.208.6
344,Enrica,Gabbatt,egabbatt9j@howstuffworks.com,Female,28.3.125.120
345,Ezechiel,Petticrew,epetticrew9k@jalbum.net,Male,162.93.217.7
346,Wallis,Prinnett,wprinnett9l@imageshack.us,Male,207.213.116.94
347,Lev,Blakeney,lblakeney9m@cocolog-nifty.com,Male,198.45.27.159
348,Leslie,Grigorushkin,lgrigorushkin9n@statcounter.com,Male,184.28.171.213
349,Pip,Asple,pasple9o@shareasale.com,Male,146.211.19.49
350,Jervis,McAlees,jmcalees9p@webeden.co.uk,Male,209.238.188.127
351,Desi,Slocomb,dslocomb9q@prweb.com,Male,60.160.168.110
352,Marlowe,Royle,mroyle9r@wired.com,Male,22.149.214.212
353,Marcelo,Wolstencroft,mwolstencroft9s@last.fm,Male,115.178.31.182
354,Dolorita,McGing,dmcging9t@time.com,Female,68.199.193.220
355,Jaimie,Crosby,jcrosby9u@barnesandnoble.com,Male,12.44.108.88
356,Beverley,Lanfranconi,blanfranconi9v@who.int,Female,20.232.193.221
357,Barclay,Labbati,blabbati9w@mysql.com,Male,237.12.238.215
358,Miquela,Bichener,mbichener9x@ibm.com,Female,33.176.153.214
359,Jemima,Coppins,jcoppins9y@shareasale.com,Female,239.118.242.244
360,Marianne,Maasze,mmaasze9z@fema.gov,Female,233.186.79.15
361,Pietra,Pether,ppethera0@intel.com,Female,97.218.99.20
362,Skylar,Allmen,sallmena1@tripadvisor.com,Male,242.2.151.165
363,Marcello,Stiff,mstiffa2@discuz.net,Male,36.64.25.162
364,Bev,Worrall,bworralla3@goo.gl,Female,13.226.157.41
365,Grethel,Lewzey,glewzeya4@illinois.edu,Female,163.218.111.63
366,Charlean,Avramovic,cavramovica5@arstechnica.com,Female,220.51.239.25
367,Nehemiah,Warwick,nwarwicka6@ocn.ne.jp,Male,153.145.29.180
368,Allyson,Knevett,aknevetta7@timesonline.co.uk,Female,111.233.253.92
369,Norah,Scapelhorn,nscapelhorna8@nhs.uk,Female,23.100.33.54
370,Pierette,Ovell,povella9@apache.org,Female,60.165.82.119
371,Frazier,Oakenfall,foakenfallaa@blinklist.com,Male,124.164.200.122
372,Harbert,Dorran,hdorranab@huffingtonpost.com,Male,41.83.208.253
373,Gale,Brewerton,gbrewertonac@elpais.com,Female,58.92.144.49
374,Kala,Coast,kcoastad@va.gov,Female,209.35.113.61
375,Galvan,Elsby,gelsbyae@artisteer.com,Male,187.73.164.165
376,Algernon,Christoffersen,achristoffersenaf@mlb.com,Male,86.198.74.127
377,Aurilia,Degoix,adegoixag@economist.com,Female,66.113.94.20
378,Edin,Winwood,ewinwoodah@blogger.com,Female,58.254.232.155
379,Garreth,Iffe,giffeai@techcrunch.com,Male,160.100.87.97
380,Florella,Maciaszczyk,fmaciaszczykaj@wunderground.com,Female,99.181.170.163
381,Ronni,Ogelsby,rogelsbyak@oaic.gov.au,Female,152.119.150.14
382,Rosanna,Ahrend,rahrendal@free.fr,Female,91.129.26.147
383,Toiboid,Calderon,tcalderonam@edublogs.org,Male,208.181.188.57
384,Bernadine,Britian,bbritianan@dot.gov,Female,179.89.106.116
385,Lev,Shaplin,lshaplinao@si.edu,Male,224.191.36.182
386,Shayna,Dutton,sduttonap@dot.gov,Female,80.248.253.47
387,Oswald,Coatsworth,ocoatsworthaq@freewebs.com,Male,0.92.153.220
388,Berkeley,Farlamb,bfarlambar@51.la,Male,129.188.151.91
389,Kurtis,Rosettini,krosettinias@ibm.com,Male,36.72.222.45
390,Anette,Rounsefull,arounsefullat@instagram.com,Female,30.240.101.143
391,Virgilio,Hanselman,vhanselmanau@yellowpages.com,Male,215.100.253.128
392,Zollie,Lerohan,zlerohanav@yolasite.com,Male,11.50.151.98
393,Madlin,Brute,mbruteaw@ycombinator.com,Female,54.84.241.63
394,Claudetta,Haston,chastonax@baidu.com,Female,195.17.108.99
395,Valaria,Gonsalvo,vgonsalvoay@cafepress.com,Female,111.9.51.17
396,Agretha,Hoxey,ahoxeyaz@arstechnica.com,Female,91.166.30.122
397,Ruggiero,Cuthbert,rcuthbertb0@shop-pro.jp,Male,232.27.250.203
398,Bride,Janman,bjanmanb1@psu.edu,Female,63.182.20.82
399,Walton,Kippling,wkipplingb2@japanpost.jp,Male,189.215.158.53
400,Dennie,Havick,dhavickb3@ocn.ne.jp,Female,134.155.173.226
401,Parker,Oneill,poneillb4@webmd.com,Male,152.215.148.233
402,Benedick,Milmo,bmilmob5@theguardian.com,Male,69.159.46.187
403,Rosene,Tomasello,rtomasellob6@privacy.gov.au,Female,181.169.45.120
404,Grissel,Pate,gpateb7@washingtonpost.com,Female,69.182.160.65
405,Ambrosius,Bergstram,abergstramb8@ucoz.com,Male,227.46.74.33
406,Stanton,Luchetti,sluchettib9@msu.edu,Male,5.70.0.90
407,Cheston,Ashness,cashnessba@mozilla.com,Male,5.70.25.50
408,Zena,Danilchenko,zdanilchenkobb@drupal.org,Female,232.160.47.56
409,Olvan,Eagar,oeagarbc@vistaprint.com,Male,134.97.149.109
410,Colly,Larroway,clarrowaybd@dot.gov,Female,107.182.41.193
411,Ingrim,Bouchard,ibouchardbe@marketwatch.com,Male,177.80.31.190
412,Travus,Meritt,tmerittbf@globo.com,Male,56.72.56.67
413,Joete,Wetherick,jwetherickbg@wordpress.org,Female,164.86.75.147
414,Ferne,Vittery,fvitterybh@stumbleupon.com,Female,213.5.140.57
415,Currie,Carr,ccarrbi@sourceforge.net,Male,208.27.101.0
416,Nerti,Oxbrough,noxbroughbj@scribd.com,Female,6.132.45.1
417,Wilden,Nisco,wniscobk@whitehouse.gov,Male,14.252.34.183
418,Paolina,Girton,pgirtonbl@gizmodo.com,Female,47.245.152.52
419,Fan,Bachanski,fbachanskibm@w3.org,Female,152.30.222.140
420,Obed,Burtonwood,oburtonwoodbn@bbc.co.uk,Male,101.191.218.234
421,Christye,Ovize,covizebo@un.org,Female,155.95.114.71
422,Yvon,Vigars,yvigarsbp@histats.com,Male,133.122.127.192
423,Randal,Shelmerdine,rshelmerdinebq@sbwire.com,Male,24.202.249.104
424,Malissia,Kornousek,mkornousekbr@economist.com,Female,9.192.78.159
425,Evelina,Shemmans,eshemmansbs@oracle.com,Female,149.92.109.151
426,Sigrid,Mallion,smallionbt@unicef.org,Female,100.252.172.190
427,Ansell,Learned,alearnedbu@microsoft.com,Male,154.9.84.122
428,Ase,Mutton,amuttonbv@wordpress.com,Male,31.211.175.123
429,King,Roggers,kroggersbw@theatlantic.com,Male,99.215.35.155
430,Lombard,Olennikov,lolennikovbx@wsj.com,Male,20.87.52.99
431,Horst,Sivell,hsivellby@independent.co.uk,Male,36.57.222.68
432,Sarette,Wornham,swornhambz@newsvine.com,Female,70.100.124.214
433,Jillana,McIlwaine,jmcilwainec0@bandcamp.com,Female,227.253.98.163
434,Wakefield,Tutin,wtutinc1@example.com,Male,195.162.58.174
435,Domingo,Darrigoe,ddarrigoec2@state.gov,Male,233.207.211.150
436,Symon,Lamputt,slamputtc3@google.de,Male,38.25.172.184
437,Alejoa,Kalderon,akalderonc4@china.com.cn,Male,135.159.51.187
438,Carey,Sherland,csherlandc5@google.nl,Male,199.104.115.70
439,Vincents,Grange,vgrangec6@mit.edu,Male,166.230.7.179
440,Walden,Wallworth,wwallworthc7@seesaa.net,Male,57.59.254.134
441,Chandler,Yuryatin,cyuryatinc8@google.co.uk,Male,35.117.249.37
442,Sharline,MacConnal,smacconnalc9@toplist.cz,Female,84.173.15.37
443,Abbot,Goodsell,agoodsellca@whitehouse.gov,Male,182.170.109.111
444,Lenard,Pendrid,lpendridcb@i2i.jp,Male,231.101.75.4
445,Theresita,Morat,tmoratcc@indiatimes.com,Female,181.14.126.223
446,Gregg,Warton,gwartoncd@phoca.cz,Male,119.239.160.126
447,Brana,Warin,bwarince@engadget.com,Female,227.42.187.110
448,Alanson,Dinsell,adinsellcf@yolasite.com,Male,113.197.55.100
449,Jameson,Flewan,jflewancg@salon.com,Male,18.249.182.77
450,Corri,Piele,cpielech@amazon.co.jp,Female,234.198.76.142
451,Nesta,Axford,naxfordci@oaic.gov.au,Female,55.95.21.201
452,Evvy,Basley,ebasleycj@pinterest.com,Female,39.179.152.88
453,Eran,Ballance,eballanceck@mysql.com,Female,135.77.36.75
454,Carmela,Cardenas,ccardenascl@tumblr.com,Female,58.7.242.114
455,Berte,Harwell,bharwellcm@flickr.com,Female,16.13.83.233
456,Gretchen,Shaudfurth,gshaudfurthcn@youtube.com,Female,142.196.255.49
457,Burty,Anderl,banderlco@scribd.com,Male,170.255.92.52
458,Waylon,Welden,wweldencp@redcross.org,Male,251.169.251.40
459,Tomas,Gloster,tglostercq@upenn.edu,Male,252.216.134.220
460,Skell,Swash,sswashcr@jigsy.com,Male,35.105.223.62
461,Maximilien,Barlass,mbarlasscs@biglobe.ne.jp,Male,156.193.181.225
462,Arlena,Boissieux,aboissieuxct@xinhuanet.com,Female,96.138.77.183
463,Richie,Growcott,rgrowcottcu@prweb.com,Male,35.224.212.101
464,Glynis,Vanyukhin,gvanyukhincv@ehow.com,Female,106.94.71.101
465,Ingeborg,Tewkesbury,itewkesburycw@wsj.com,Female,85.25.64.192
466,Jessie,Wrixon,jwrixoncx@washington.edu,Female,41.238.71.144
467,Evie,Thouless,ethoulesscy@soup.io,Female,213.106.24.171
468,Price,Fynan,pfynancz@dailymotion.com,Male,217.188.163.63
469,Constance,Seatter,cseatterd0@seesaa.net,Female,99.66.179.4
470,Boycey,McGlew,bmcglewd1@delicious.com,Male,106.88.117.28
471,Putnam,de Quincey,pdequinceyd2@spiegel.de,Male,254.108.96.168
472,Kata,Kneebone,kkneeboned3@diigo.com,Female,132.238.239.85
473,Adriano,Slimming,aslimmingd4@nyu.edu,Male,26.29.19.132
474,Sven,Dodsworth,sdodsworthd5@theglobeandmail.com,Male,105.142.98.21
475,Moses,Conklin,mconklind6@foxnews.com,Male,89.99.45.31
476,Grace,D'Ambrogio,gdambrogiod7@fotki.com,Female,137.22.224.81
477,Gordon,Lawleff,glawleffd8@flavors.me,Male,165.35.107.186
478,Toinette,Fasham,tfashamd9@webs.com,Female,30.75.55.76
479,Leigh,Fearney,lfearneyda@europa.eu,Female,73.141.66.176
480,Patin,Rickaby,prickabydb@abc.net.au,Male,79.29.54.24
481,Jeremie,Pessler,jpesslerdc@princeton.edu,Male,121.181.92.193
482,Thornton,Nelthorpe,tnelthorpedd@dailymotion.com,Male,153.99.58.240
483,Chrisse,Wixey,cwixeyde@etsy.com,Male,93.18.207.5
484,Grethel,Josskowitz,gjosskowitzdf@umn.edu,Female,35.220.234.243
485,Richard,Element,relementdg@usatoday.com,Male,232.190.239.213
486,Cordy,Smithies,csmithiesdh@alexa.com,Female,184.154.210.248
487,Sauncho,Bentke,sbentkedi@ted.com,Male,194.24.205.83
488,Tanitansy,Rounsivall,trounsivalldj@exblog.jp,Female,32.9.53.188
489,Dorette,Payley,dpayleydk@indiatimes.com,Female,1.69.53.132
490,Bard,Ruffell,bruffelldl@usgs.gov,Male,221.228.75.200
491,Nicolette,Veck,nveckdm@mit.edu,Female,62.119.36.89
492,Cosme,Laverty,clavertydn@answers.com,Male,98.218.15.101
493,Morey,Keston,mkestondo@discuz.net,Male,205.248.221.81
494,Marion,Greg,mgregdp@wired.com,Female,211.167.37.50
495,Silvanus,Gerhardt,sgerhardtdq@europa.eu,Male,181.187.177.212
496,Wolfy,Butner,wbutnerdr@ucoz.ru,Male,229.53.50.253
497,Pieter,Beelby,pbeelbyds@noaa.gov,Male,82.79.83.214
498,Jany,Drewson,jdrewsondt@columbia.edu,Female,194.31.209.217
499,Cinda,Mayhead,cmayheaddu@wix.com,Female,13.53.175.244
500,Isaak,Bust,ibustdv@bloglovin.com,Male,64.232.186.139
501,Laura,Toffetto,ltoffettodw@un.org,Female,7.23.192.86
502,Alonzo,Cranmor,acranmordx@sfgate.com,Male,249.139.178.193
503,Quinlan,Puckham,qpuckhamdy@techcrunch.com,Male,155.2.178.254
504,Marys,Abdon,mabdondz@seesaa.net,Female,97.225.32.16
505,Nonah,Ingleston,ninglestone0@360.cn,Female,20.84.167.84
506,Elvira,Ranahan,eranahane1@unesco.org,Female,59.113.184.19
507,Sharona,Thaxter,sthaxtere2@digg.com,Female,45.137.79.0
508,Terry,Whitaker,twhitakere3@nba.com,Male,208.87.185.150
509,Georgeanne,Khrishtafovich,gkhrishtafoviche4@weibo.com,Female,34.160.103.73
510,Lindsay,Conaghy,lconaghye5@ox.ac.uk,Male,92.198.40.237
511,Richie,Rickman,rrickmane6@gmpg.org,Male,217.229.5.114
512,Charlot,Gowanson,cgowansone7@imageshack.us,Female,219.192.7.90
513,Bob,Ibbitson,bibbitsone8@live.com,Male,84.182.56.1
514,Pepillo,Byart,pbyarte9@myspace.com,Male,145.154.251.2
515,Brandais,Vlasenkov,bvlasenkovea@quantcast.com,Female,0.152.117.58
516,Domini,Moreland,dmorelandeb@chicagotribune.com,Female,26.234.230.27
517,Benedikt,Drewes,bdrewesec@smh.com.au,Male,177.164.226.176
518,Morissa,Simmons,msimmonsed@vkontakte.ru,Female,120.7.99.125
519,Winni,Brugger,wbruggeree@sciencedirect.com,Female,170.124.161.193
520,Berrie,Dorran,bdorranef@europa.eu,Female,142.51.110.141
521,Normy,Cassell,ncasselleg@army.mil,Male,64.246.50.36
522,Priscella,Salzburger,psalzburgereh@trellian.com,Female,8.128.237.154
523,Kenon,Cortez,kcortezei@nih.gov,Male,97.231.87.17
524,Errol,Gurwood,egurwoodej@cornell.edu,Male,131.240.31.154
525,Horatio,Dirkin,hdirkinek@geocities.jp,Male,210.29.211.189
526,Felicle,Hulbert,fhulbertel@tinypic.com,Female,45.191.56.239
527,Garnette,Ilyas,gilyasem@usa.gov,Female,43.196.189.217
528,Elladine,Beany,ebeanyen@amazon.de,Female,204.33.192.98
529,Frank,Batchelder,fbatcheldereo@nydailynews.com,Male,132.134.196.240
530,Taber,Buddell,tbuddellep@msn.com,Male,101.207.249.188
531,Kelbee,Bygate,kbygateeq@cloudflare.com,Male,46.31.75.190
532,Pryce,Albro,palbroer@va.gov,Male,23.242.8.139
533,Wini,Bramhall,wbramhalles@nifty.com,Female,89.131.16.25
534,Magda,Cavanagh,mcavanaghet@foxnews.com,Female,111.88.47.82
535,Hilary,Doble,hdobleeu@google.nl,Male,141.49.217.63
536,Gwennie,Maliffe,gmaliffeev@techcrunch.com,Female,155.46.14.207
537,Berget,Harling,bharlingew@odnoklassniki.ru,Female,65.15.165.128
538,Stormy,Guswell,sguswellex@thetimes.co.uk,Female,64.107.59.58
539,Jarid,Siggins,jsigginsey@pbs.org,Male,214.168.234.104
540,Aurelia,Newitt,anewittez@4shared.com,Female,135.108.215.199
541,Hamish,Sandal,hsandalf0@amazon.co.jp,Male,177.81.11.245
542,Tierney,MacManus,tmacmanusf1@arizona.edu,Female,152.173.73.86
543,Eirena,Kalkofen,ekalkofenf2@fc2.com,Female,237.158.181.100
544,Renato,Mapes,rmapesf3@infoseek.co.jp,Male,164.216.13.0
545,Darrel,Fullard,dfullardf4@nydailynews.com,Male,91.182.180.183
546,Susan,Grainger,sgraingerf5@shinystat.com,Female,130.94.105.102
547,Seward,Leedal,sleedalf6@desdev.cn,Male,39.126.252.105
548,Germana,Maciaszczyk,gmaciaszczykf7@themeforest.net,Female,167.144.210.169
549,Farrand,Kosiada,fkosiadaf8@liveinternet.ru,Female,232.35.194.76
550,Osmund,Arbor,oarborf9@abc.net.au,Male,241.228.141.193
551,Parry,McMickan,pmcmickanfa@pen.io,Male,64.151.233.196
552,Inglebert,Potts,ipottsfb@aol.com,Male,157.111.166.37
553,Marshall,Shafe,mshafefc@accuweather.com,Male,7.21.44.62
554,Mirelle,Fist,mfistfd@chicagotribune.com,Female,202.55.126.198
555,Dulcea,Tilley,dtilleyfe@clickbank.net,Female,67.243.4.247
556,Helyn,Pedwell,hpedwellff@pbs.org,Female,221.91.133.29
557,Irwinn,Rodbourne,irodbournefg@businesswire.com,Male,127.100.242.65
558,Lyndsie,Aynscombe,laynscombefh@amazon.co.uk,Female,46.197.220.227
559,Dimitry,Threlfall,dthrelfallfi@soup.io,Male,165.216.84.139
560,Rand,McKenzie,rmckenziefj@4shared.com,Male,11.129.234.178
561,Juli,Dobing,jdobingfk@yolasite.com,Female,248.83.208.180
562,Wally,Ellwand,wellwandfl@accuweather.com,Female,127.42.252.128
563,Jerrine,Shilladay,jshilladayfm@ed.gov,Female,132.139.131.155
564,Dorise,MacDowal,dmacdowalfn@timesonline.co.uk,Female,83.165.49.247
565,Kit,Toun,ktounfo@si.edu,Male,167.205.254.180
566,Mariska,Miles,mmilesfp@vistaprint.com,Female,117.244.104.46
567,Hermon,Davion,hdavionfq@ning.com,Male,161.99.38.203
568,Loydie,Loddon,lloddonfr@flickr.com,Male,146.208.42.200
569,Gilles,Jephson,gjephsonfs@about.com,Male,201.128.87.248
570,Anders,Glennard,aglennardft@is.gd,Male,198.24.102.8
571,Cynthy,Mouncher,cmouncherfu@gravatar.com,Female,51.4.236.55
572,Brinna,Mccaull,bmccaullfv@bluehost.com,Female,23.159.108.185
573,Raff,Milward,rmilwardfw@unc.edu,Male,144.196.203.123
574,Sterling,Smallsman,ssmallsmanfx@thetimes.co.uk,Male,137.41.108.219
575,Lissa,Brekonridge,lbrekonridgefy@desdev.cn,Female,90.97.132.241
576,Leoine,Merwede,lmerwedefz@networksolutions.com,Female,233.72.111.134
577,Frederick,Antonikov,fantonikovg0@sciencedirect.com,Male,49.67.251.220
578,Chance,Kelsey,ckelseyg1@nsw.gov.au,Male,8.192.168.143
579,Emlyn,Berka,eberkag2@theguardian.com,Female,136.51.92.80
580,Ina,Hrycek,ihrycekg3@plala.or.jp,Female,234.72.182.19
581,Elianore,Barukh,ebarukhg4@shinystat.com,Female,220.49.57.113
582,Sela,Scibsey,sscibseyg5@state.gov,Female,203.190.13.107
583,Smith,Bischoff,sbischoffg6@go.com,Male,236.152.241.116
584,Rafaelita,Beahan,rbeahang7@wix.com,Female,186.75.181.226
585,Don,Saintsbury,dsaintsburyg8@yellowpages.com,Male,78.77.100.57
586,Willamina,Wewell,wwewellg9@europa.eu,Female,235.11.223.199
587,Maryellen,Thomtson,mthomtsonga@infoseek.co.jp,Female,233.179.230.128
588,Miner,Toppas,mtoppasgb@amazon.de,Male,218.127.253.8
589,Kali,Cahey,kcaheygc@tmall.com,Female,249.162.41.60
590,Larine,Guppey,lguppeygd@biglobe.ne.jp,Female,22.90.11.34
591,Gunter,Coye,gcoyege@tripadvisor.com,Male,37.86.252.142
592,Morse,Meechan,mmeechangf@cam.ac.uk,Male,178.62.93.20
593,Sandro,Braun,sbraungg@wisc.edu,Male,152.242.96.115
594,Cointon,Watson-Brown,cwatsonbrowngh@zimbio.com,Male,5.179.114.179
595,Corissa,Sanchez,csanchezgi@epa.gov,Female,154.221.30.221
596,Darda,Aitchinson,daitchinsongj@hubpages.com,Female,140.151.125.5
597,Collie,Dawley,cdawleygk@tamu.edu,Female,125.35.254.120
598,Morten,Sally,msallygl@time.com,Male,130.165.146.122
599,Clayborn,Trubshawe,ctrubshawegm@discuz.net,Male,24.181.120.192
600,Tomas,Peasgood,tpeasgoodgn@youku.com,Male,187.190.200.197
601,Arabella,Coote,acootego@qq.com,Female,26.52.111.167
602,Nappie,MacGorman,nmacgormangp@gnu.org,Male,85.219.115.113
603,Sofia,Bayly,sbaylygq@opensource.org,Female,105.7.35.122
604,Arri,Kilduff,akilduffgr@yale.edu,Male,42.219.22.66
605,Palmer,Hickford,phickfordgs@timesonline.co.uk,Male,91.58.153.54
606,Wendall,Sterrie,wsterriegt@nymag.com,Male,81.152.27.183
607,Cross,Bilson,cbilsongu@php.net,Male,126.167.209.194
608,Lilas,Warhurst,lwarhurstgv@microsoft.com,Female,133.234.25.59
609,Rickie,McGeechan,rmcgeechangw@fema.gov,Male,109.77.165.235
610,Kaila,Renshall,krenshallgx@oaic.gov.au,Female,76.222.10.18
611,Carole,North,cnorthgy@ca.gov,Female,156.45.98.249
612,Lauritz,Loughren,lloughrengz@seesaa.net,Male,55.197.104.33
613,Gay,McInulty,gmcinultyh0@themeforest.net,Female,19.237.228.6
614,Raddy,Pechet,rpecheth1@amazonaws.com,Male,80.131.64.244
615,Zola,Siman,zsimanh2@state.gov,Female,103.161.234.243
616,Rochelle,Corkitt,rcorkitth3@bloglines.com,Female,253.188.108.135
617,Dominique,Cuell,dcuellh4@behance.net,Female,33.136.192.175
618,Seward,Willacot,swillacoth5@vimeo.com,Male,211.196.165.167
619,Sherrie,Quinlan,squinlanh6@abc.net.au,Female,12.17.210.60
620,Roscoe,Hugk,rhugkh7@ca.gov,Male,102.208.65.52
621,Wiatt,Joplin,wjoplinh8@github.io,Male,115.42.190.107
622,Tedi,Guerreiro,tguerreiroh9@google.com,Female,111.53.97.202
623,Elicia,Bromby,ebrombyha@ovh.net,Female,196.61.133.113
624,Reagen,Budding,rbuddinghb@google.cn,Male,199.219.91.113
625,Richard,Micheu,rmicheuhc@eepurl.com,Male,73.204.67.204
626,Katee,Chatainier,kchatainierhd@imdb.com,Female,185.78.98.85
627,Stella,Liepmann,sliepmannhe@hud.gov,Female,76.33.35.127
628,Nikolaus,Boddis,nboddishf@cbslocal.com,Male,16.254.75.19
629,Rodolphe,Adney,radneyhg@home.pl,Male,145.78.215.85
630,Adan,Sells,asellshh@whitehouse.gov,Male,163.171.198.174
631,Waiter,Sayward,wsaywardhi@ucoz.ru,Male,50.55.185.180
632,Domenic,Cairns,dcairnshj@wunderground.com,Male,144.144.139.251
633,Truda,Fairholme,tfairholmehk@twitpic.com,Female,89.68.90.140
634,Wit,Tarquinio,wtarquiniohl@hubpages.com,Male,57.119.41.29
635,Kristos,Crocetto,kcrocettohm@photobucket.com,Male,64.60.128.115
636,Aloise,Giorgeschi,agiorgeschihn@salon.com,Female,71.205.97.185
637,Ophelia,Soeiro,osoeiroho@wsj.com,Female,59.101.141.164
638,Sherill,McDavid,smcdavidhp@ycombinator.com,Female,1.79.128.189
639,Michale,Berzen,mberzenhq@skype.com,Male,6.162.181.156
640,Sanson,Bowdon,sbowdonhr@ox.ac.uk,Male,63.163.110.213
641,Tabbatha,Paylie,tpayliehs@netvibes.com,Female,119.232.238.101
642,Koralle,Hawtrey,khawtreyht@un.org,Female,58.51.25.114
643,Vonny,Moralis,vmoralishu@cdbaby.com,Female,199.46.252.238
644,Terri-jo,Braddick,tbraddickhv@angelfire.com,Female,161.73.67.111
645,Benoite,Dellenbach,bdellenbachhw@ox.ac.uk,Female,215.105.217.230
646,Dov,Orys,doryshx@unblog.fr,Male,102.185.86.29
647,Aleda,Guy,aguyhy@drupal.org,Female,107.67.36.16
648,Adi,Jaumet,ajaumethz@cisco.com,Female,5.85.145.91
649,Manuel,Abrahams,mabrahamsi0@blogger.com,Male,203.161.167.190
650,Laurette,Cockrill,lcockrilli1@bigcartel.com,Female,150.34.192.124
651,Deva,Churly,dchurlyi2@omniture.com,Female,39.242.237.187
652,John,Ambroziak,jambroziaki3@liveinternet.ru,Male,103.79.72.86
653,Lian,Tatam,ltatami4@privacy.gov.au,Female,199.171.12.113
654,Horace,Rivelon,hriveloni5@earthlink.net,Male,27.160.61.150
655,Liva,Corss,lcorssi6@intel.com,Female,63.180.30.148
656,Natal,Croad,ncroadi7@sitemeter.com,Male,70.243.56.139
657,Pryce,Hyndley,phyndleyi8@netlog.com,Male,218.94.142.123
658,Judye,Trowell,jtrowelli9@bbc.co.uk,Female,4.106.196.50
659,Rebeca,Ubsdall,rubsdallia@drupal.org,Female,242.199.169.22
660,Rolando,Dobby,rdobbyib@yellowbook.com,Male,253.182.85.36
661,Cherin,Dougal,cdougalic@163.com,Female,95.157.49.81
662,Sigfrid,Aubry,saubryid@printfriendly.com,Male,134.55.86.108
663,Tracy,Belli,tbelliie@goodreads.com,Female,163.78.77.160
664,Melessa,Woodard,mwoodardif@cmu.edu,Female,35.226.0.168
665,Lucius,Toulmin,ltoulminig@google.com,Male,137.30.59.90
666,Adelle,Jeppe,ajeppeih@dyndns.org,Female,22.17.60.247
667,Marlene,Dobney,mdobneyii@irs.gov,Female,87.245.70.151
668,Brooke,Bawcock,bbawcockij@scribd.com,Male,11.146.59.94
669,Audra,Bernasek,abernasekik@exblog.jp,Female,13.226.60.253
670,Annmaria,Simonian,asimonianil@yelp.com,Female,253.111.249.189
671,Eddi,Grotty,egrottyim@nba.com,Female,122.151.250.248
672,Lurlene,Bennedsen,lbennedsenin@merriam-webster.com,Female,58.82.154.136
673,Adam,Davidowich,adavidowichio@ehow.com,Male,81.141.93.243
674,Michal,Eighteen,meighteenip@google.it,Female,100.73.0.20
675,Bibi,Anglin,bangliniq@dell.com,Female,186.129.197.68
676,Lurleen,Gierke,lgierkeir@wikipedia.org,Female,174.47.131.233
677,Bernetta,Blazey,bblazeyis@cdbaby.com,Female,212.90.249.86
678,Kylila,Stook,kstookit@cargocollective.com,Female,174.245.150.201
679,Chantal,Burrow,cburrowiu@vinaora.com,Female,32.88.190.208
680,Salome,Wiffill,swiffilliv@lycos.com,Female,92.83.64.96
681,Nickolas,Cretney,ncretneyiw@barnesandnoble.com,Male,8.201.58.154
682,Rosanne,De Lisle,rdelisleix@admin.ch,Female,63.177.128.80
683,Gayelord,Antoniottii,gantoniottiiiy@europa.eu,Male,190.129.88.175
684,Roberto,Robiot,rrobiotiz@joomla.org,Male,29.168.125.187
685,Brennen,Blazy,bblazyj0@seattletimes.com,Male,183.125.85.87
686,Tamma,Calvard,tcalvardj1@ft.com,Female,103.241.251.0
687,Estella,Curror,ecurrorj2@google.cn,Female,240.21.217.76
688,Onida,Kingerby,okingerbyj3@liveinternet.ru,Female,131.86.75.196
689,Lizette,Govier,lgovierj4@artisteer.com,Female,82.42.186.5
690,Farah,McCarter,fmccarterj5@vinaora.com,Female,51.144.255.234
691,Ivie,Malcher,imalcherj6@who.int,Female,242.108.103.103
692,Kathrine,Fillimore,kfillimorej7@wix.com,Female,44.105.237.76
693,Barri,Fish,bfishj8@studiopress.com,Male,209.192.185.169
694,Ulysses,Brackenbury,ubrackenburyj9@spotify.com,Male,218.97.199.156
695,Sapphira,Mazzei,smazzeija@forbes.com,Female,237.111.222.4
696,Dorthea,Clooney,dclooneyjb@diigo.com,Female,74.97.188.158
697,Matthias,Belsey,mbelseyjc@wufoo.com,Male,211.134.168.78
698,Bryon,Hierro,bhierrojd@wikispaces.com,Male,223.217.207.122
699,Morris,Pellant,mpellantje@blog.com,Male,103.3.54.3
700,Burtie,Orsi,borsijf@comcast.net,Male,156.59.16.19
701,Carlyle,Wakerley,cwakerleyjg@soundcloud.com,Male,90.236.33.30
702,Joli,Simoes,jsimoesjh@yellowpages.com,Female,237.144.226.193
703,Swen,Besemer,sbesemerji@mail.ru,Male,147.230.186.125
704,Cinda,Leate,cleatejj@symantec.com,Female,226.82.34.35
705,Dacia,Siss,dsissjk@t.co,Female,238.50.206.190
706,Ewell,Kendell,ekendelljl@deliciousdays.com,Male,166.201.222.39
707,Todd,Puttick,tputtickjm@dailymotion.com,Male,227.27.105.155
708,Garik,De Bischop,gdebischopjn@t.co,Male,57.245.178.101
709,Rebeka,Petrozzi,rpetrozzijo@ucla.edu,Female,136.122.203.166
710,Rey,Bruhnke,rbruhnkejp@i2i.jp,Female,255.68.239.96
711,Matteo,Old,moldjq@dailymail.co.uk,Male,104.3.6.64
712,Kyle,Durran,kdurranjr@twitter.com,Male,150.159.59.11
713,Ariadne,Bartkowiak,abartkowiakjs@canalblog.com,Female,29.161.238.121
714,Kelcie,Wolfenden,kwolfendenjt@mediafire.com,Female,122.169.39.149
715,Samuel,Herreros,sherrerosju@globo.com,Male,58.25.244.52
716,Levon,Meader,lmeaderjv@hp.com,Male,121.216.49.154
717,Wolfie,Matfield,wmatfieldjw@people.com.cn,Male,3.222.70.58
718,Marsh,Spreull,mspreulljx@stumbleupon.com,Male,35.136.116.73
719,Cathleen,Scholig,cscholigjy@icio.us,Female,33.118.20.55
720,Melinde,Dyos,mdyosjz@si.edu,Female,94.121.131.73
721,Agna,Chrippes,achrippesk0@smugmug.com,Female,149.210.26.83
722,Filmer,Indgs,findgsk1@flavors.me,Male,161.100.84.102
723,Alexine,Vargas,avargask2@nasa.gov,Female,117.102.161.96
724,Kerry,Karpychev,kkarpychevk3@senate.gov,Male,18.9.68.125
725,Murvyn,Danielot,mdanielotk4@reverbnation.com,Male,80.46.90.178
726,Cristin,Dudliston,cdudlistonk5@exblog.jp,Female,246.239.66.133
727,Elicia,Kunkel,ekunkelk6@cnbc.com,Female,248.91.58.96
728,Siobhan,Stennet,sstennetk7@google.com.hk,Female,161.26.62.22
729,Stefan,Jaycocks,sjaycocksk8@usgs.gov,Male,145.231.214.177
730,Hugh,McGunley,hmcgunleyk9@bbc.co.uk,Male,165.134.8.65
731,Horatius,Suero,hsueroka@weebly.com,Male,80.199.166.243
732,Orson,Dunkerly,odunkerlykb@mediafire.com,Male,242.99.112.14
733,Jessika,Grece,jgrecekc@vkontakte.ru,Female,104.242.237.99
734,Erina,Cahen,ecahenkd@nhs.uk,Female,67.12.218.158
735,Miguelita,Deakins,mdeakinske@bloomberg.com,Female,104.150.252.56
736,Berta,Cruse,bcrusekf@microsoft.com,Female,112.171.197.238
737,Erinn,Duferie,eduferiekg@senate.gov,Female,255.104.196.210
738,Virgina,Lilywhite,vlilywhitekh@arstechnica.com,Female,111.23.80.226
739,Nickolai,Saiens,nsaienski@sciencedirect.com,Male,86.197.59.205
740,Miguel,Crighton,mcrightonkj@scribd.com,Male,110.56.113.240
741,Cordy,Thornally,cthornallykk@fc2.com,Female,1.46.87.115
742,Maureen,Robertucci,mrobertuccikl@dedecms.com,Female,41.192.122.255
743,Bern,Simonett,bsimonettkm@stumbleupon.com,Male,177.36.236.24
744,Morey,Van Waadenburg,mvanwaadenburgkn@prnewswire.com,Male,168.135.248.89
745,Berkeley,Robrose,brobroseko@boston.com,Male,104.55.177.123
746,Saunderson,Bolf,sbolfkp@tiny.cc,Male,63.199.27.109
747,Andy,Ankrett,aankrettkq@nyu.edu,Female,131.60.224.149
748,Andromache,Nattriss,anattrisskr@slashdot.org,Female,237.243.41.161
749,Lemmy,Lowseley,llowseleyks@ebay.co.uk,Male,199.75.240.183
750,Sarah,Meake,smeakekt@youku.com,Female,86.88.61.52
751,Pearce,Kenright,pkenrightku@hexun.com,Male,234.254.36.201
752,Gustie,Cowap,gcowapkv@sakura.ne.jp,Female,27.251.134.188
753,Ulrike,Durtnall,udurtnallkw@google.nl,Female,28.184.211.59
754,Elaina,Ottley,eottleykx@ucla.edu,Female,177.189.28.173
755,Loydie,Danell,ldanellky@ted.com,Male,246.249.189.6
756,Ema,Flexman,eflexmankz@kickstarter.com,Female,10.162.26.16
757,Christophe,Lambkin,clambkinl0@tinypic.com,Male,15.49.121.221
758,Avictor,Tie,atiel1@cpanel.net,Male,11.43.231.183
759,Helsa,Boothe,hboothel2@simplemachines.org,Female,83.161.224.76
760,Brittani,Southgate,bsouthgatel3@e-recht24.de,Female,225.147.178.199
761,Lawton,Archibould,larchibouldl4@stumbleupon.com,Male,201.222.113.117
762,Jimmie,Trembey,jtrembeyl5@jiathis.com,Male,53.158.164.111
763,Murdoch,Beveridge,mbeveridgel6@webmd.com,Male,178.12.167.240
764,Babara,Slemming,bslemmingl7@storify.com,Female,223.75.16.35
765,Ines,Dogerty,idogertyl8@t.co,Female,131.108.195.138
766,Kitty,Hehir,khehirl9@desdev.cn,Female,99.86.141.22
767,Cissiee,Stille,cstillela@google.it,Female,94.228.60.81
768,Ansley,Canlin,acanlinlb@smh.com.au,Female,225.98.75.43
769,Micky,Jakuszewski,mjakuszewskilc@discovery.com,Male,93.138.76.160
770,Hillie,Phythean,hphytheanld@google.cn,Male,197.60.85.11
771,Dolores,MacCosty,dmaccostyle@redcross.org,Female,2.139.240.90
772,Josefa,Gosnall,jgosnalllf@microsoft.com,Female,141.47.198.12
773,Gilbertina,Hargey,ghargeylg@drupal.org,Female,103.11.96.200
774,Joannes,Kilbee,jkilbeelh@behance.net,Female,110.163.118.107
775,Anna-diana,Lubeck,alubeckli@scientificamerican.com,Female,184.255.0.63
776,Correy,Arnaudi,carnaudilj@examiner.com,Female,7.211.131.188
777,Kari,Maclaine,kmaclainelk@seesaa.net,Female,173.254.241.61
778,Marleah,Agett,magettll@goo.ne.jp,Female,85.82.210.17
779,Bartie,Ilett,bilettlm@wiley.com,Male,179.40.106.252
780,Rurik,Searston,rsearstonln@i2i.jp,Male,210.233.123.253
781,Jermayne,Burchett,jburchettlo@ihg.com,Male,188.252.16.157
782,Jessamyn,De Giorgio,jdegiorgiolp@newyorker.com,Female,241.67.243.150
783,Griffin,Jacobsen,gjacobsenlq@oakley.com,Male,188.210.115.145
784,Orelie,Solomon,osolomonlr@surveymonkey.com,Female,37.229.45.70
785,Lacee,Cowerd,lcowerdls@forbes.com,Female,127.79.198.107
786,Niven,Van Haeften,nvanhaeftenlt@lulu.com,Male,224.216.198.212
787,Patty,Lomond,plomondlu@deviantart.com,Male,124.112.117.25
788,Jakie,Darnbrook,jdarnbrooklv@squidoo.com,Male,125.152.4.89
789,Godiva,Clews,gclewslw@house.gov,Female,126.198.36.78
790,Maximilien,Ebden,mebdenlx@goo.gl,Male,140.36.45.60
791,Larry,Sturge,lsturgely@mac.com,Male,72.137.224.2
792,Beckie,Luna,blunalz@hp.com,Female,44.138.83.77
793,Meridith,Stolle,mstollem0@prweb.com,Female,195.50.1.250
794,Camel,Bardwall,cbardwallm1@businessinsider.com,Female,82.88.211.152
795,Henrik,Skeldon,hskeldonm2@tinypic.com,Male,240.51.140.3
796,Ginny,O'Scanlon,goscanlonm3@smugmug.com,Female,58.157.243.155
797,Lammond,Wylie,lwyliem4@google.com,Male,137.54.192.12
798,Serge,Myner,smynerm5@cnbc.com,Male,187.132.216.145
799,Ashleigh,Stoggles,astogglesm6@telegraph.co.uk,Female,72.196.164.199
800,Brooks,MacGibbon,bmacgibbonm7@accuweather.com,Male,188.170.10.157
801,Chadwick,Battram,cbattramm8@unesco.org,Male,222.229.237.5
802,Maje,Treacy,mtreacym9@independent.co.uk,Male,158.3.14.3
803,Aubrette,Skillanders,askillandersma@intel.com,Female,35.63.56.10
804,Betty,Harkes,bharkesmb@blogger.com,Female,193.189.194.126
805,Yasmeen,Richings,yrichingsmc@scientificamerican.com,Female,142.12.19.248
806,Doloritas,Walton,dwaltonmd@cargocollective.com,Female,161.193.47.109
807,Jojo,Esson,jessonme@istockphoto.com,Female,98.156.104.115
808,Harland,Yanyushkin,hyanyushkinmf@google.ca,Male,150.68.18.192
809,Valery,Kidsley,vkidsleymg@about.me,Female,215.100.240.250
810,Lynn,Aasaf,laasafmh@is.gd,Male,179.29.81.140
811,Lebbie,Gaishson,lgaishsonmi@ihg.com,Female,139.30.229.207
812,Bart,Gheorghe,bgheorghemj@ox.ac.uk,Male,118.255.0.127
813,Jacki,Magnus,jmagnusmk@bbb.org,Female,89.167.244.43
814,Lanny,Pollok,lpollokml@ning.com,Female,49.26.20.95
815,Nisse,Willment,nwillmentmm@com.com,Female,38.24.187.206
816,Westleigh,Gilbert,wgilbertmn@gmpg.org,Male,46.221.136.112
817,Floria,Conkling,fconklingmo@qq.com,Female,84.204.132.61
818,Linn,Raisher,lraishermp@slideshare.net,Female,64.117.40.85
819,Margaux,Derrell,mderrellmq@umich.edu,Female,110.255.99.32
820,Zacharia,Ratazzi,zratazzimr@wufoo.com,Male,161.245.217.147
821,Pavia,Simison,psimisonms@ucoz.ru,Female,19.193.121.155
822,Maxim,Boss,mbossmt@theatlantic.com,Male,173.43.97.148
823,Rossy,Crenage,rcrenagemu@oracle.com,Male,177.201.87.151
824,Corny,Ox,coxmv@cyberchimps.com,Male,171.25.213.219
825,Leoline,Scoggin,lscogginmw@dailymotion.com,Female,121.71.54.222
826,Xenia,Silliman,xsillimanmx@nbcnews.com,Female,103.255.195.73
827,Bernadina,Raittie,braittiemy@storify.com,Female,8.149.86.3
828,Carolan,Trayte,ctraytemz@mashable.com,Female,34.79.203.164
829,Max,Jaher,mjahern0@google.es,Female,221.150.6.87
830,Svend,Bortoluzzi,sbortoluzzin1@soup.io,Male,140.209.42.116
831,Milo,Syphas,msyphasn2@cloudflare.com,Male,132.141.154.250
832,Urbano,Gillam,ugillamn3@google.ca,Male,199.11.45.200
833,Kizzee,Smallpeice,ksmallpeicen4@smh.com.au,Female,33.5.70.27
834,Rayshell,Glyssanne,rglyssannen5@sakura.ne.jp,Female,39.113.114.223
835,Tracie,Mc Dermid,tmcdermidn6@army.mil,Male,145.202.4.223
836,Dario,Gerdes,dgerdesn7@diigo.com,Male,90.230.177.21
837,Freddi,Adao,fadaon8@samsung.com,Female,128.167.158.124
838,Matteo,Bowe,mbowen9@psu.edu,Male,17.226.170.174
839,Merrile,Mapis,mmapisna@webmd.com,Female,155.126.231.183
840,Sofia,McElhargy,smcelhargynb@google.com.br,Female,33.117.161.205
841,Clemens,Gatley,cgatleync@psu.edu,Male,153.5.139.181
842,Derrek,Guerra,dguerrand@meetup.com,Male,30.94.83.10
843,Bruis,Waliszewski,bwaliszewskine@dmoz.org,Male,77.20.177.226
844,Nickie,Langland,nlanglandnf@github.com,Female,201.221.40.56
845,Ronny,Seiller,rseillerng@ustream.tv,Female,66.77.87.177
846,Kattie,Cahan,kcahannh@alibaba.com,Female,186.146.186.37
847,Abba,Badcock,abadcockni@friendfeed.com,Male,164.89.47.153
848,Wilbur,Presswell,wpresswellnj@a8.net,Male,175.247.254.87
849,Carey,Stobbe,cstobbenk@smh.com.au,Male,47.181.181.233
850,Cameron,Panniers,cpanniersnl@symantec.com,Male,72.63.46.37
851,Hedi,McClunaghan,hmcclunaghannm@pen.io,Female,51.147.120.121
852,Oona,Palmar,opalmarnn@ed.gov,Female,68.54.246.107
853,Lyell,McGonagle,lmcgonagleno@deviantart.com,Male,216.10.73.136
854,Jedd,Paradyce,jparadycenp@yellowbook.com,Male,215.153.237.235
855,Adena,Witham,awithamnq@washington.edu,Female,126.25.82.251
856,Jo-anne,Lawson,jlawsonnr@acquirethisname.com,Female,209.202.89.65
857,Shalom,Willman,swillmanns@etsy.com,Male,162.107.96.125
858,Cathyleen,Cucuzza,ccucuzzant@home.pl,Female,111.76.154.108
859,Samuele,Jeffels,sjeffelsnu@list-manage.com,Male,100.155.58.51
860,Neille,Grimsey,ngrimseynv@sogou.com,Female,41.8.111.94
861,Belle,Moar,bmoarnw@parallels.com,Female,43.63.170.31
862,Logan,Jindrak,ljindraknx@shop-pro.jp,Male,231.94.173.32
863,Ruthy,Pouck,rpouckny@sun.com,Female,21.58.23.160
864,Gael,Kierans,gkieransnz@ucla.edu,Male,227.137.30.159
865,Benjy,Rickaby,brickabyo0@msn.com,Male,219.151.22.76
866,Geoffry,Phillott,gphillotto1@jugem.jp,Male,172.232.209.142
867,Lem,Putman,lputmano2@cloudflare.com,Male,71.116.97.56
868,Sutherland,Mowatt,smowatto3@abc.net.au,Male,85.40.184.148
869,Penny,Labbett,plabbetto4@php.net,Male,139.121.169.207
870,Hugh,O'Kinedy,hokinedyo5@nydailynews.com,Male,58.59.13.13
871,Ginger,Thomkins,gthomkinso6@nature.com,Female,31.71.174.156
872,Brittaney,Shepperd,bshepperdo7@cisco.com,Female,51.18.172.181
873,Amata,Grasner,agrasnero8@umich.edu,Female,205.234.107.164
874,Dorolisa,Olechnowicz,dolechnowiczo9@hhs.gov,Female,247.56.227.213
875,Shoshana,Rewcassell,srewcasselloa@pcworld.com,Female,77.19.243.231
876,Lannie,Marusyak,lmarusyakob@ucoz.ru,Male,49.250.183.224
877,Ric,Garrett,rgarrettoc@independent.co.uk,Male,191.130.136.202
878,Iain,Millsap,imillsapod@nih.gov,Male,57.219.66.122
879,Kary,Downgate,kdowngateoe@1und1.de,Female,197.213.143.17
880,Ardella,Stredder,astredderof@java.com,Female,190.199.156.38
881,Karoly,Elsby,kelsbyog@nytimes.com,Female,245.49.163.208
882,Minette,Lorand,mlorandoh@smh.com.au,Female,28.163.196.181
883,Esme,Whatford,ewhatfordoi@seesaa.net,Female,226.227.216.219
884,Ondrea,Briston,obristonoj@webmd.com,Female,139.251.104.202
885,Herschel,Nast,hnastok@statcounter.com,Male,152.87.155.121
886,Braden,Kleynermans,bkleynermansol@cmu.edu,Male,142.80.250.114
887,Viki,Highman,vhighmanom@nps.gov,Female,122.224.55.99
888,Jon,D'Souza,jdsouzaon@toplist.cz,Male,146.50.158.34
889,Ynes,Wilkes,ywilkesoo@themeforest.net,Female,251.93.221.18
890,Felecia,Pirdy,fpirdyop@walmart.com,Female,249.131.26.130
891,Alli,Maisey,amaiseyoq@kickstarter.com,Female,31.182.73.79
892,Orlan,Cockell,ocockellor@example.com,Male,171.18.30.198
893,Goober,Raggatt,graggattos@eventbrite.com,Male,218.134.77.143
894,Adriano,Barz,abarzot@auda.org.au,Male,177.143.5.66
895,Martino,Eliot,meliotou@sphinn.com,Male,156.164.183.72
896,Cordey,Scarsbrooke,cscarsbrookeov@comsenz.com,Female,123.63.156.171
897,Fulton,Goldsbrough,fgoldsbroughow@army.mil,Male,213.114.85.111
898,Archibold,Szymczyk,aszymczykox@vinaora.com,Male,60.118.24.55
899,Maxie,Weth,mwethoy@tripod.com,Male,56.188.203.223
900,Tina,Manger,tmangeroz@mapy.cz,Female,42.191.2.169
901,Geno,Hebburn,ghebburnp0@pagesperso-orange.fr,Male,160.83.80.108
902,Leola,Volk,lvolkp1@vimeo.com,Female,51.199.114.44
903,Candie,McCallister,cmccallisterp2@amazon.de,Female,23.80.41.40
904,Ashlie,Haken,ahakenp3@shutterfly.com,Female,248.184.98.1
905,Pierce,MacConnulty,pmacconnultyp4@mayoclinic.com,Male,176.146.0.247
906,Rosanne,Beatey,rbeateyp5@intel.com,Female,75.30.82.106
907,Dick,Cullip,dcullipp6@vkontakte.ru,Male,31.247.193.80
908,Jillayne,Antoney,jantoneyp7@washingtonpost.com,Female,185.137.181.49
909,Rozelle,Errigo,rerrigop8@issuu.com,Female,203.19.22.137
910,Lavena,Rowbotham,lrowbothamp9@so-net.ne.jp,Female,117.186.118.199
911,Rubie,Keston,rkestonpa@mapy.cz,Female,68.211.4.228
912,Brice,Itskovitz,bitskovitzpb@huffingtonpost.com,Male,96.159.180.120
913,Emily,Stot,estotpc@cloudflare.com,Female,177.225.241.85
914,Del,d' Elboux,ddelbouxpd@techcrunch.com,Female,9.246.184.31
915,Estele,Cross,ecrosspe@economist.com,Female,31.159.147.137
916,Farra,Beynke,fbeynkepf@usda.gov,Female,98.124.156.242
917,Joanna,Askham,jaskhampg@weather.com,Female,242.252.218.32
918,Robby,Exell,rexellph@fema.gov,Male,95.69.206.63
919,Sonia,Helsdon,shelsdonpi@livejournal.com,Female,125.38.126.133
920,Neron,Manwaring,nmanwaringpj@bandcamp.com,Male,90.11.9.178
921,Glenn,Mallam,gmallampk@xinhuanet.com,Male,119.200.20.41
922,Bobette,Jauncey,bjaunceypl@fda.gov,Female,156.149.51.84
923,Linn,Wills,lwillspm@networksolutions.com,Male,159.223.1.75
924,Siward,Ottawell,sottawellpn@fastcompany.com,Male,115.253.183.178
925,Philbert,Meegin,pmeeginpo@dailymail.co.uk,Male,8.125.39.218
926,Calhoun,Stirrup,cstirruppp@netvibes.com,Male,146.38.82.41
927,Earvin,Lambal,elambalpq@opera.com,Male,231.108.186.139
928,Hedwiga,Monnelly,hmonnellypr@squidoo.com,Female,250.80.122.218
929,Orson,Trayton,otraytonps@google.it,Male,119.195.80.26
930,Eberto,Red,eredpt@gizmodo.com,Male,89.236.132.232
931,Hunfredo,Orth,horthpu@utexas.edu,Male,156.229.13.37
932,Johannah,Lamperti,jlampertipv@pcworld.com,Female,43.199.239.176
933,Opalina,Ladon,oladonpw@sfgate.com,Female,51.9.108.205
934,Michaella,Kondratowicz,mkondratowiczpx@redcross.org,Female,140.114.61.13
935,Marta,Harral,mharralpy@un.org,Female,140.226.162.41
936,Bryn,Heggman,bheggmanpz@whitehouse.gov,Female,75.144.60.98
937,Adi,Ellams,aellamsq0@over-blog.com,Female,238.126.104.218
938,Ruperta,Paddie,rpaddieq1@studiopress.com,Female,242.213.202.218
939,Jessi,Sherlaw,jsherlawq2@creativecommons.org,Female,94.28.252.206
940,Davin,Carneck,dcarneckq3@acquirethisname.com,Male,76.32.111.25
941,Moore,Cruces,mcrucesq4@china.com.cn,Male,19.151.5.23
942,Osbourn,Salatino,osalatinoq5@cpanel.net,Male,194.56.157.146
943,Jermaine,Flemming,jflemmingq6@over-blog.com,Female,8.244.120.70
944,Morley,Butteris,mbutterisq7@163.com,Male,168.16.212.29
945,Michell,Margarson,mmargarsonq8@yolasite.com,Female,131.153.4.213
946,Frances,Longforth,flongforthq9@boston.com,Female,48.243.5.14
947,Timofei,Goodhall,tgoodhallqa@comsenz.com,Male,166.221.220.134
948,Xylina,Rableau,xrableauqb@sphinn.com,Female,143.109.213.174
949,Dorris,Petzold,dpetzoldqc@netscape.com,Female,250.158.102.111
950,Norby,Dorsey,ndorseyqd@biblegateway.com,Male,173.180.23.248
951,Keary,Opdenorth,kopdenorthqe@umich.edu,Male,114.45.182.53
952,Ludvig,St. Queintain,lstqueintainqf@upenn.edu,Male,0.192.143.113
953,Willi,Scathard,wscathardqg@tripod.com,Female,30.178.210.178
954,Osmund,Gutsell,ogutsellqh@dropbox.com,Male,27.93.170.135
955,Willamina,Pemble,wpembleqi@canalblog.com,Female,62.237.149.133
956,Malachi,Muggeridge,mmuggeridgeqj@hugedomains.com,Male,150.171.123.102
957,Madonna,Nuzzetti,mnuzzettiqk@weather.com,Female,245.233.19.217
958,Carlie,Birrell,cbirrellql@php.net,Male,107.229.135.128
959,Osmund,Brockway,obrockwayqm@gmpg.org,Male,3.235.28.122
960,Garv,Ivanovic,givanovicqn@imageshack.us,Male,70.235.69.77
961,Nanci,Leyshon,nleyshonqo@purevolume.com,Female,71.180.194.200
962,Koren,Lyal,klyalqp@phpbb.com,Female,116.130.166.203
963,Nanine,Clemmensen,nclemmensenqq@homestead.com,Female,45.63.169.200
964,Cozmo,Trent,ctrentqr@wix.com,Male,240.10.72.86
965,Ethelbert,Skurray,eskurrayqs@columbia.edu,Male,93.33.246.1
966,Suellen,Vasilic,svasilicqt@usda.gov,Female,1.61.22.58
967,Geneva,Wibrow,gwibrowqu@google.nl,Female,56.232.224.207
968,Katrinka,Gimeno,kgimenoqv@symantec.com,Female,53.229.63.78
969,Philippa,MacAdam,pmacadamqw@jiathis.com,Female,191.254.30.33
970,Anna-diana,Jockle,ajockleqx@behance.net,Female,0.139.85.84
971,Althea,Kew,akewqy@nih.gov,Female,31.17.250.213
972,Hermione,Leabeater,hleabeaterqz@typepad.com,Female,214.113.218.83
973,Forester,Daens,fdaensr0@jugem.jp,Male,178.49.150.24
974,Ruben,Husset,rhussetr1@phpbb.com,Male,48.64.9.206
975,Olvan,Sey,oseyr2@cmu.edu,Male,225.225.242.148
976,Jerrilee,Guwer,jguwerr3@lulu.com,Female,173.169.50.49
977,Joletta,Josh,jjoshr4@cargocollective.com,Female,61.139.232.115
978,Dewitt,Kiffin,dkiffinr5@reference.com,Male,181.165.224.148
979,Briny,Elias,beliasr6@shutterfly.com,Female,137.16.245.227
980,Madeline,Dallan,mdallanr7@squidoo.com,Female,204.173.129.167
981,Pablo,Roocroft,proocroftr8@ucoz.com,Male,17.189.128.108
982,Diane-marie,Kopec,dkopecr9@domainmarket.com,Female,185.4.69.117
983,Fionna,Dooland,fdoolandra@paginegialle.it,Female,10.129.65.180
984,Paxton,Ivanyushin,pivanyushinrb@etsy.com,Male,231.38.80.80
985,Malchy,Meldrum,mmeldrumrc@liveinternet.ru,Male,56.234.81.242
986,Quintina,Dwerryhouse,qdwerryhouserd@sourceforge.net,Female,103.139.30.217
987,Hilary,Bryde,hbrydere@omniture.com,Female,80.244.74.120
988,Pierson,Simpson,psimpsonrf@businessweek.com,Male,200.82.163.159
989,Skipp,Kuhlen,skuhlenrg@upenn.edu,Male,153.126.244.223
990,Wain,Hubbucke,whubbuckerh@over-blog.com,Male,131.70.54.25
991,Karoline,Brome,kbromeri@ebay.co.uk,Female,157.199.19.209
992,Hirsch,Kelloway,hkellowayrj@arstechnica.com,Male,66.184.159.149
993,Filmore,Haggarth,fhaggarthrk@va.gov,Male,151.90.112.65
994,Mayne,Dowman,mdowmanrl@booking.com,Male,149.255.80.139
995,Burty,Goodger,bgoodgerrm@wp.com,Male,91.174.193.211
996,Bret,Veal,bvealrn@ycombinator.com,Male,30.244.54.64
997,Prudence,Crut,pcrutro@51.la,Female,243.232.45.237
998,Emilia,Skyme,eskymerp@ftc.gov,Female,155.56.106.26
999,Ninnette,Dingley,ndingleyrq@npr.org,Female,200.141.213.192
1000,Yul,Dunn,ydunnrr@gizmodo.com,Male,64.148.170.241
